,url
0,https://www.namshi.com/saudi-en/buy-nike-revolution-7-psv/Z96E984612C390A439595Z/p/
1,https://www.namshi.com/saudi-en/buy-nike-kids-kawa-slides/Z4B157D8239347B864CA7Z/p/
2,https://www.namshi.com/saudi-en/buy-puma-kids-classics-xcountry-biker-t-shirt/Z9C4CFB7EB0E6FB63162DZ/p/
3,https://www.namshi.com/saudi-en/buy-nike-air-zoom-structure-25/Z09A54BB64E764195DED0Z/p/
4,https://www.namshi.com/saudi-en/buy-calvin-klein-jeans-kids-tracksuit-set/ZC85548F84E2224C7ADC9Z/p/
5,https://www.namshi.com/saudi-en/buy-skechers-kids-microspec-max-ii/Z1BFC237F5543390EB20BZ/p/
6,https://www.namshi.com/saudi-en/buy-adidas-infant-badge-of-sport-logo-tracksuit/Z37E3E1EAEA5EACF4F70DZ/p/
7,https://www.namshi.com/saudi-en/buy-adidas-kids-activflex-badge-of-sport-3-0/ZA64868BD66CFBA21505CZ/p/
8,https://www.namshi.com/saudi-en/buy-under-armour-boys-tech-vent-geode-t-shirt/Z4AE00AC31E24938E5BBFZ/p/
9,https://www.namshi.com/saudi-en/buy-nike-infant-n-nsw-club-ft-hbr-joggers/Z5F74657D9DF6825E4BE3Z/p/
10,https://www.namshi.com/saudi-en/buy-adidas-originals-essential-tracksuit-set/ZCCD6CAA0F7E72F2FE018Z/p/
